x,y,population
413.5916006592879,-532.1368678876372,700
401.65349388848404,-452.0114799789984,612
464.0983982930995,-542.5667687254462,510
415.22346236904343,-554.4134286313455,822
436.7720648201906,-494.6865891147764,752
415.22378708335225,-544.0065917332558,774
440.78802122416135,-553.998385880579,515
450.82325807170196,-534.2270771029991,926
427.27191873082455,-592.7404733084262,567
415.582336430186,-595.6076309318664,881
430.1040770793456,-520.106821720081,949
411.7854595232186,-515.8678667716835,894
397.52084248626625,-531.6687059006715,900
403.52773113867295,-529.0459636856315,689
470.5856826735351,-488.25010894908905,727
451.811280324572,-537.6692611278016,918
410.53505696974247,-498.49078040432715,954
391.6640433669744,-505.80038133396795,603
377.69517143940044,-540.9992044409919,501
434.568207713933,-460.5613290036082,917
392.1602025809088,-517.0704852476517,724
402.811871922628,-486.65532847807384,864
438.53553624730927,-496.30581694480964,636
436.984493297761,-515.321864915235,576
411.30918269099556,-581.7317868350664,553
473.31342069345646,-541.8251875604685,868
385.6208300597395,-551.0292215793305,795
399.06906241333684,-501.41746871165526,746
404.46373464787837,-469.7506117741696,516
346.6331063023339,-480.6418786046547,651
418.0388286924903,-535.3713538110793,801
422.73996367562694,-528.7410632547641,607
437.2544911112427,-573.0307871848275,885
447.65719398689174,-572.9864461826414,767
402.8962626451682,-539.467690776039,764
396.48714692702913,-507.3180718156032,701
386.59836379914185,-570.2782344318482,827
388.87263706487727,-575.2125499381218,728
450.70018166774656,-518.9623468905384,550
413.3184605385339,-565.7552840620272,581
473.29917581543725,-551.8871827344395,807
417.07094477901944,-603.4296947621053,606
398.5117780381372,-494.57536535890375,643
437.9745756777443,-549.2615941726749,787
409.27877194884155,-611.438322473801,535
422.7542711288112,-574.1911250724329,901
460.30582303758257,-543.18921549848,798
457.90169674422503,-644.7477456832552,594
404.82602898642875,-536.3247408484757,752
411.3583553518019,-553.8553619090934,731
410.5307207274071,-497.54929393294935,772
367.7394347850297,-526.5666325119756,695
445.8707377036183,-498.0306380769821,506
461.2349418806859,-574.9837147911795,864
454.28304156256604,-581.2272474666379,773
468.458152888218,-512.7960305013761,979
467.2626267739038,-508.0442632672327,552
386.3987286010916,-513.9304028083604,502
438.0039761311675,-528.8302805362293,833
363.3646312964265,-507.17607764353414,815
352.59484749468083,-481.4166617766507,860
404.3996489323709,-482.3517729400641,756
486.58471418813735,-584.1405285399736,773
424.25787907572885,-512.0959505778939,702
388.0436100245172,-550.8692368129878,995
396.7957533982256,-491.0562108480808,672
430.5027937005326,-520.4399249569323,564
373.68868926770244,-597.7148919763147,755
411.0487692719994,-597.9349285569643,795
401.61001913067014,-567.6989933955101,693
409.27109761616833,-513.9181681301642,952
364.2368376525111,-623.9630288956622,518
376.8827662382344,-541.7522944722244,853
422.5745501201211,-513.9331103886335,641
435.5803811157918,-515.4417552837621,534
461.9654340720398,-536.727765002159,837
396.81949902530073,-499.57627534340213,515
431.5262390378755,-549.2798140437609,807
449.11395028879485,-548.0074987070733,731
354.03057987000955,-467.9245477018934,608
416.22944841186904,-486.52586826026845,992
333.1921415621667,-516.8530297520623,639
401.21451451077036,-614.6063001395951,668
484.9246198803848,-499.65922122889083,982
436.5069939515057,-484.7831519599371,715
387.2198687238735,-541.7697805376827,621
383.8297930537732,-536.3881280398908,894
377.58311738276836,-533.0176065894666,733
446.81552240906177,-546.2949042455571,986
447.1297550032742,-523.0030918535836,622
486.6022241209197,-524.2251281700991,923
434.97853794824226,-542.6343591738777,964
381.1853298240018,-614.0289908709982,922
394.51951062020015,-527.7049812983272,563
426.01568753341076,-599.991979615254,838
471.9352126106494,-569.0998377722594,655
432.5601287429188,-427.67528898853124,740
419.5908220473693,-601.6512925806985,702
262.5983213793493,-426.92913295233444,862
427.17283680077173,-472.6893960898068,587
411.3275255572591,-542.8818509070342,742
456.2249785810049,-497.9391293465793,529
433.81752036513376,-425.6314887726883,841
488.4145119373539,-541.3064390364767,845
397.66901002467966,-506.87451694106306,707
399.24311262111837,-541.4060980014503,639
384.22630607756923,-505.7007084606213,680
362.1930136014804,-569.2905655293413,594
473.20334922233627,-568.9515833693887,687
377.81229271228034,-448.85095917499075,773
374.15141130937377,-579.0170737262364,961
405.32855455936743,-550.649525005408,728
366.8308321149896,-422.8544019747289,974
426.7267063831286,-521.2581869829279,945
460.7984077989329,-553.2199062487895,846
429.5748389958832,-534.5398216709524,672
445.17508739014596,-538.4938745335726,913
413.9211820084757,-564.0956064410699,755
397.3791797491252,-521.5037785695541,779
401.3951111969066,-542.6536522588435,712
439.7407776727067,-540.9070684939588,522
384.2406285252779,-529.0587636434233,610
428.83763159433397,-549.3700777903426,594
516.8522453205803,-548.5276063646915,831
398.0685878473188,-555.8899324887282,642
418.4915552376875,-541.4066036866454,929
470.1902446831443,-540.8219955942049,514
402.9751277818738,-478.9600575106081,529
414.9877048953493,-568.3758912337165,837
434.7179474488478,-527.6318418008648,618
320.29567775664407,-476.1359151863087,912
442.7186754316741,-493.0311335496443,724
427.6598771287148,-508.9831814399015,618
410.03573877007875,-583.8614681827062,685
347.34782133320937,-546.0938280262493,983
408.3656722229378,-559.225951579358,904
460.2279618849295,-624.1830877659514,898
382.3368465219447,-545.6004279864875,598
386.83949005583474,-552.4976053612045,996
422.42569050129055,-532.8132551084053,747
423.018750593413,-550.6301844249248,577
431.3641909840534,-553.4673652443344,505
438.974541526314,-581.54620480163,747
419.17109468227403,-504.270302687246,780
405.81150253618046,-543.590751195984,673
470.01637725683605,-548.3703134379417,699
436.80916219894607,-526.720263592899,696
369.78914546608877,-475.07053739552254,719
391.5757052984502,-542.4038888711797,751
393.47650311345814,-557.068320232821,633
453.2665154442836,-518.4582330051255,733
428.71217373984604,-551.135726087293,957
342.0651912938156,-512.2365484568892,739
430.32040898776575,-504.4185936654675,948
472.06899035890615,-514.6913233858292,986
510.12704599881636,-596.6105588594921,821
480.60144566294974,-518.9112931480345,581
430.70321622545947,-504.65247929599064,936
448.8762997309363,-520.7603761369659,997
386.1902506837743,-557.3286191718721,911
419.7485050679982,-494.6133105287487,659
484.3930143450802,-450.02827658194275,772
403.8895359354012,-544.9625240725532,900
402.1513563567683,-532.2013374973103,555
416.09707352857055,-533.8440625413409,791
426.3763646472973,-519.7333726797044,971
418.4234522391546,-520.531331698354,726
462.54633142431084,-480.1607224192475,993
395.8510070026849,-530.1181146663708,723
359.511401225558,-560.4649709682553,757
398.64427810993817,-536.0076815343799,897
439.5419683810673,-516.4799039596638,768
405.1875908067876,-558.6605285836725,948
433.5451315675733,-540.8492895237044,509
423.86231333832103,-500.5721012048571,523
469.68659543394347,-567.3035697576759,725
428.4704665305782,-614.8822510460741,964
435.5769144971687,-532.3018447615328,560
414.6618723802377,-526.829124208489,899
473.32244387806486,-572.5137846205648,748
417.75124492140503,-531.1139713623762,579
472.3729432357668,-609.0266832042116,966
407.75159094471326,-556.738267910092,741
456.56609617771016,-561.0681030408737,792
399.0427869270668,-496.1461855982716,624
435.59245763430255,-488.6967117782667,572
415.46160916997985,-592.0981799630364,855
375.23129697185533,-533.7520340445025,870
435.93168600259946,-520.0967981550001,841
467.27492365952963,-552.7228733775,835
423.44590639165773,-539.8003971353222,689
449.01494104358187,-527.7210572920484,694
421.41241964125203,-411.78323383727974,919
514.4803529438126,-496.36664314278045,527
411.20288588284956,-542.4706112217052,620
434.99644903931807,-504.51214002551166,999
440.4843406901319,-614.5978688586698,903
388.03042192029244,-534.934002380986,650
435.60044236479064,-594.5011657786405,778
380.9978970654413,-548.1440920920085,634
439.8659441135259,-545.6675024877107,767
363.5396116147821,-492.43857741384386,837
393.3503551845056,-571.0926673481953,922
425.25936735531906,-587.3143902579411,705
422.178345206165,-550.4016756939227,701
349.37831537356413,-581.6964759729856,692
394.8388082853399,-556.0035432566983,999
406.90212605433265,-518.7990621248765,748
429.95424606142933,-512.9516540704544,995
438.4470057798403,-462.05258532078096,759
385.17771761806733,-545.9446593044971,585
407.02832714991945,-599.2457398827571,795
415.49190397190716,-554.621397843848,781
471.4023499754556,-515.8766029700284,827
411.42886221103686,-542.974170427805,578
415.3211156273044,-561.9799107435782,940
446.64856353589664,-531.932649652518,771
405.1323990852112,-551.7738119076383,707
356.55202466453096,-605.9983003819873,733
432.54504070404937,-526.4566915437929,951
376.85343974809933,-492.53148742658675,535
430.56588108385654,-557.8949479144434,792
428.1987950901609,-579.9275278495439,820
418.3194214382409,-432.85198125013017,689
438.2941452373143,-521.673807459107,849
345.0808816686283,-586.4278627440328,961
381.6342157876348,-544.9607026988265,654
285.5431925915882,-523.4473324957318,517
400.90038834109777,-563.0323151139496,811
433.60629798797976,-580.615433114787,846
347.3292732145608,-561.1785488749281,922
411.31473929514135,-524.8631360615495,750
410.50175268750826,-583.2937810586627,648
405.9995714651247,-498.8093358726985,562
429.4297717922956,-471.0224653366238,877
401.8493753920017,-555.4866135766381,820
464.39466952589953,-553.4794356094485,835
458.6221509346954,-482.8376913111725,659
398.68965327047147,-548.2128278320808,822
396.02803922204583,-492.70878172972226,616
400.32463655556296,-601.4712387248296,570
450.1288193423062,-523.7669581404006,780
484.52911801562857,-481.5227167100519,679
425.9662130972336,-570.5247511974158,778
443.49566791852294,-495.3366834550136,965
355.0629417768537,-519.2639162476321,549
424.1239493563578,-527.4296047497119,814
442.2236532101283,-542.4376873279497,589
377.5772420959077,-588.8581430931392,753
431.9064520494872,-554.1263573889507,1000
448.4154899301081,-517.4481770321954,822
396.7239735631504,-537.5103396993834,633
412.6360284454651,-510.92081354490637,580
453.95484144731415,-563.4034049014368,802
449.3939030190808,-566.0226574890645,917
392.45225306652804,-490.62477546349197,790
410.28428171050496,-601.9185745584365,949
397.9108368609491,-554.3251376527262,773
446.907569736352,-480.5189244199561,863
407.81082104982767,-509.8020812799755,890
423.9689591402072,-553.9448540327064,838
430.46504684108226,-453.15527175325707,800
333.462842009475,-554.6263469426249,667
409.8525947869268,-554.1008566140089,519
478.45008722035493,-709.7194094197332,630
443.2291355203081,-559.1514226310401,588
407.31785588869496,-505.74456262042787,649
355.61748148835613,-522.0844645326731,500
420.9642906051303,-505.26966291775847,950
409.47986111294733,-530.8823720850149,813
401.0753687879622,-551.0617427332363,559
410.3167543529926,-639.8216944941598,671
478.3084783314732,-531.2196624816227,836
483.42117773164756,-525.8458602569635,799
481.1251755172197,-607.2035495978353,962
470.9441306756709,-559.8574907912335,961
450.24841063904347,-561.9710985097806,916
422.3250558699809,-509.89003296200707,521
376.738621637714,-494.67393889429087,902
439.7483692596917,-527.296461922202,803
461.9786732531825,-512.578238705057,939
464.6497894572752,-588.789391684652,860
386.32873970460093,-543.514606929104,952
453.5190821662136,-432.2712790109847,635
419.6323871793168,-533.3956844709821,821
392.18380056788635,-558.1634051163073,637
410.75741183740433,-564.6570754740161,867
414.36417188113677,-506.7139636562613,914
412.2244860828197,-512.4524678328712,560
388.9194744421617,-484.1928038253184,819
465.4754986746238,-554.067088817835,545
415.47514167889204,-481.915204233973,869
482.011732235799,-570.7202916044353,723
649.5446654672558,530.4285252070914,840
612.3185387686013,650.4043801393713,967
572.798314718403,570.1748016295528,826
619.4935541330391,584.2609452347743,582
584.5058083507669,585.1870699397276,531
592.6396767744865,558.9331869998595,794
595.0227124041776,652.5180340754995,992
574.9708601795188,571.1666532384423,951
642.6486908698946,585.146146725372,837
593.7338410240453,544.0766764595653,841
576.3163016435672,598.4907773130382,989
540.2627349234232,617.0201712293277,632
572.6440177789393,564.9584595359757,599
635.3129677496703,622.027293306707,838
559.1867210137889,653.0064789601262,581
518.2438215012618,588.8319868041935,765
556.1198322832339,616.9952411481717,903
667.0476421941711,654.2614079167488,790
592.6581525223647,585.167532813634,842
583.2862969363619,566.7914589135167,685
581.0968035167048,589.124940959363,919
595.9393406823151,549.5859225029768,768
579.1612427439729,616.2888780616328,519
586.5182120094818,607.8269155644671,637
626.0584524968593,589.1468631752463,602
622.5257105132677,562.6878921057294,550
615.1602110980608,599.0467395212709,906
627.4974098880479,581.2768250686444,682
594.6430746712102,597.6371101835016,532
643.7040051504246,604.0053976541343,673
526.5173305649204,623.2750933385796,732
619.5219850825961,607.2689382274584,573
627.6085208976862,550.9618910209197,957
619.0433198251152,518.9660347300779,671
567.7476888119962,598.5122383837597,904
552.8935288292433,616.4110594495318,893
590.2056663888397,544.0432178791584,920
623.7780057489626,608.0918023987542,657
671.8983766960732,596.0881488827245,992
586.5219429059817,609.2060544997063,871
588.312997026276,568.3658908100136,960
625.4278825848572,613.0757182156648,712
520.9544653340241,603.2544815425629,951
543.6904274011398,514.2178338907106,865
572.3629340580435,612.2706966335901,601
625.8293782153343,617.5592851387795,753
532.0902646076282,553.781129288706,616
604.3220066269122,615.796280216344,884
601.3303111156239,605.928908890205,638
568.6155956189741,566.2227946808453,792
564.4434512258551,585.0809866751395,515
484.48745744057936,600.4951401542934,884
596.8526209996904,584.0758951238421,628
559.1233386855146,575.3453083602515,998
566.0398969597082,623.7078522628896,901
586.9029401379124,564.2269161212577,550
552.3174967249859,498.0805532859826,842
616.7936973611819,593.9921388489812,776
621.8309577001252,661.8857244438743,836
669.361234099849,606.7759840638053,589
630.9113846765242,626.3324064855997,766
643.657591787233,619.9183894651704,750
585.5634710357215,655.2936767396916,794
530.0935618915138,578.230027147473,973
615.1764923795392,604.7949632204607,888
601.3940719609034,593.673407610966,621
577.5855024631983,584.1640636454607,651
668.6525384858408,648.6367241377982,553
572.4519457025889,554.8862189987285,723
561.1848223818093,571.5415525892848,519
619.453471499978,588.2221824743334,913
562.3320832431273,568.4412923314038,855
575.8264271546157,552.6384530418089,716
613.1691467789279,616.6447477313434,772
582.3904875860193,624.2766639994564,582
576.7250389365173,598.4140779194911,866
571.7103590529662,558.4252513850064,884
594.6107631243883,668.0636455752285,758
635.3717633671957,597.0453869999485,764
579.2881310319298,608.0513015779857,513
583.5276003458093,621.7668127849812,884
686.062520310164,653.9265536410323,863
524.3954462386764,572.9406637155771,892
611.2101796569441,607.568164486092,537
597.1672420213165,578.9117732669278,664
616.66414376987,564.1190770736353,894
579.0773281251325,584.1628580045663,584
604.8488290219063,610.4844748435569,664
640.3420038958556,682.863741077469,748
675.0828269013109,579.0383915105931,761
602.1174223086199,695.855039535595,725
587.7422487409598,592.5909227668353,708
610.1141820529708,598.2318430731647,593
590.1840455169524,595.5920947504372,650
619.8370329743536,658.9882764532061,546
593.7040061425878,578.369752473835,778
543.0204589133527,588.5765146696197,749
576.4406443009441,591.4481186285694,954
595.491422202284,577.8373252235796,878
579.5430026946124,468.4803618904544,657
595.3046175037741,595.3956438743618,763
628.7517719987513,544.9561821623258,931
560.5386217952233,585.5680808346323,578
621.7543300188271,608.9797548237059,967
637.4063218370993,555.035764174583,886
570.7706133581979,641.0383434335087,931
558.4270142999702,575.5929748500796,506
566.5873885577171,569.7352435900649,929
553.5432194776545,560.3760697208286,799
589.6803607896849,595.272302318389,933
579.3002897994841,585.0158643033562,520
581.6331282795136,612.9605852751837,708
567.4732109328087,524.9212053720499,739
526.5097976873195,572.4284860002795,732
566.6087955008671,503.626901450434,963
629.8899442176257,629.1338396326191,546
545.0469676898715,618.626003278726,616
554.5301178240237,507.44649696118324,674
595.4451017512699,567.1566143614214,767
462.0229343518861,618.01324962189,807
602.7532312318651,557.5464714788685,867
596.4556586629363,615.8709195468903,920
604.7717467070935,634.4506278845467,675
633.5874373228837,560.9152860411792,547
611.05716713325,558.1996981898147,547
528.9235100868653,613.0095545104346,552
557.9475363586953,578.623352138233,838
580.2684714684689,597.9249550844919,732
506.51606620807354,563.8069744458995,864
576.649721481673,563.3055298864946,840
589.262889736649,642.9128470842593,748
555.1713301557047,560.6040743326568,778
575.0522444823328,590.3914448087891,852
626.6544251345942,607.6750093650655,854
606.3660201327125,623.8095032462384,919
573.7136323170629,625.3980367770814,676
557.7134308059938,629.0039419477091,783
642.6100134286798,552.0565820262095,681
584.2894151731185,552.53528519991,954
587.6477125169489,610.6033798319764,620
565.8618286044658,564.107502933713,858
548.5023773873581,603.0526761862294,729
573.804614092955,596.9300340046134,728
607.3619406094592,595.5395615554999,765
536.6349560703711,623.9986308851646,876
609.0878117063276,570.9191264377997,955
612.0597237292144,574.9346017123175,856
570.9987030038823,607.6275422990661,609
551.9096527791683,588.5090449733823,678
582.9378774073506,564.2870819373463,667
575.1703967686176,567.9951606834389,833
605.4658296162681,653.4765647053082,960
603.8160742316506,641.2233075501193,875
595.0644938151365,581.4454706728969,634
612.9021336457548,648.3128787509579,977
542.7799573600163,538.5071784792832,672
599.1442534940703,653.3551718169472,860
608.136505006623,582.1167441132632,687
573.9564151775063,563.2473605103381,875
612.1077021664983,548.8142961335782,826
625.1019657928446,605.9405309451996,755
584.417675364432,613.2327648141726,847
608.7519627093853,636.351079847366,830
586.748993829385,583.5975605224762,645
587.371218913287,623.3305398561915,759
549.2488280153555,555.7310340845252,555
482.8315493581105,663.3627050642956,585
585.4086445644942,642.4572628717898,790
579.5406369547927,635.9982811653636,918
567.7918829168328,550.190419027734,856
573.7851174104193,591.0494990832593,555
472.8682729170992,608.4599522849077,850
510.5289348548307,674.1634060838412,920
677.446402679074,546.1544400404051,801
645.8625405477801,593.0601036776762,601
672.6291686476068,657.9554476436933,939
586.8787545683379,628.5257723083207,964
624.1365560451222,629.6957654981679,910
559.8086890055012,599.379089278987,770
622.5060384589996,574.1821511697378,568
664.9614281800497,671.5305679794243,511
563.0559025726076,577.6949749123906,711
671.1148483206003,624.0050044313232,575
532.5450656374946,590.1816846068627,996
605.7636774520229,589.2212381957632,743
605.0817615431341,529.3938676258088,901
619.8493291402085,613.1401117218377,957
631.1907762122565,548.0970773426508,578
597.9529209711254,563.4103780828135,677
590.1331329243973,587.0448853220656,978
597.4148817124127,596.5175049116144,815
630.9236034693149,546.1517285586779,711
663.4561575093966,597.4063821637171,641
519.5029020123804,532.2245982505807,895
577.7010803831129,586.8591126318173,653
616.8355221994318,580.6170238751025,503
626.324426073731,637.0731399447722,729
637.2729664263102,654.8288868124671,605
544.5449278141405,594.1262409870362,976
601.7036308992563,579.580298022691,511
588.9248499960478,634.1782690151233,694
556.8185847261034,590.7678147064036,559
618.6067628370109,594.0621929008066,685
540.8079811927433,577.1128280682208,987
568.927781804779,586.0410577400681,674
620.4190632440194,576.8638802601505,571
549.6763277297192,569.5819547643487,804
601.7585556900967,567.8381054202566,510
592.8504720705589,564.359586261456,889
563.3666628628437,602.3043121484295,626
588.1048778515478,693.1988890198411,563
574.5448754890648,650.3081106387664,839
557.4762374269172,579.0888872555233,925
570.3605243755323,595.6419610733037,546
598.1750542612521,624.841508034898,974
592.0497873892397,710.0628736767637,526
645.4343666810096,610.1317468240637,765
592.6821616086797,672.9881429237167,707
582.8130891141186,588.6287712671915,537
613.8054570331429,610.8144489356954,999
627.4387430498907,558.4069696496924,854
585.4829336409119,617.6677754925934,564
603.4384257423593,566.139872461136,675
592.3825128676528,611.545845518295,612
570.3436505302321,627.5642426981201,644
543.0915188760845,578.7748052204325,527
612.2581536876211,573.8697723472243,694
538.5291263269661,653.8625495337013,661
550.547233327403,574.1731334455073,824
603.5082434758338,620.826121101243,948
606.5738407996785,574.6918435457742,699
621.6593813556428,543.3853944948169,937
493.2866461361159,594.2093340674675,562
607.0716933358191,622.788908776484,974
647.6517640740319,573.0577396871718,995
560.3885967912926,580.4574219958727,878
565.4040047790837,615.0539547336316,919
630.1067771115477,604.9850062378993,682
567.3727732357135,576.2899369881727,952
618.9198895399799,541.4279592337191,778
584.0817523737485,588.3229410846192,691
597.6679756387113,592.7688480326339,907
607.5662027795507,618.8276816796781,995
594.6231046247058,501.5065216885641,765
526.9124359761643,581.6329535351255,712
556.965457508171,653.2573926288957,537
634.0460826081164,705.4133308469034,979
588.4934516910847,598.7896643832596,882
558.38452692623,590.1970459961386,794
580.6703748362739,574.3044153093309,660
595.3917517538404,624.2045901090061,719
570.6014118971528,627.3970105349673,581
594.6803019652567,645.6244849610953,516
611.0569021954727,528.2516945718569,944
660.5403460972556,538.4473426326093,550
570.9954837924384,578.8014642981012,880
588.2608009952713,592.7498177755168,617
595.8407713354087,545.755467783707,779
552.7126263194467,544.7672935457858,978
545.1618069571299,590.1701120390945,887
624.5100830628983,574.7224538036182,722
596.5886656347783,523.5089643638428,882
659.408098082596,593.1742287544826,924
559.4419227972213,622.2389664727328,945
605.3942348752896,605.5741947563541,843
680.1349126788922,634.3401657488693,535
591.3949418246291,690.640872910493,925
583.8947172648191,625.2466790221234,657
575.0886164731392,581.6823499911787,696
596.5698837692051,595.8929540073533,802
562.6999405778733,588.0208580913521,528
-282.67578762626476,339.7676356932742,905
-287.42552573890515,361.6849240237473,802
-369.0217220652355,341.7022309626605,696
-332.8818068528734,369.49366630341365,782
-317.23636804948023,344.76697646420547,836
-263.2178555357908,403.93330616770845,670
-299.4265169963976,279.0623405193704,976
-273.68970801071316,327.35558412819563,841
-309.8353949037179,357.69172908665024,957
-323.8928317197064,344.77561176233536,609
-301.46687634004877,323.7601573571543,558
-299.68013515653035,346.71205766246584,753
-364.2693450184099,267.3228510537028,886
-291.08530609130617,417.9581387109667,767
-269.7278040171326,376.195444435091,732
-305.45270248268747,356.51191690213534,747
-260.0642683859754,328.0556954923858,534
-272.70901657693605,353.7183348609019,783
-282.62091762015973,358.2707380488495,904
-341.6522641677378,397.89889250360653,578
-282.9297026555055,320.84866266751874,533
-297.54945338801656,344.1799297508954,774
-315.19118417847284,322.292368190801,591
-293.8444837554821,330.6644524339105,809
-290.482238649838,380.508858995358,779
-254.07425928165833,361.80229046082064,822
-320.16027087369855,316.47709609051094,986
-260.3662164131005,354.3229561198714,950
-326.21817421556756,346.7070149029448,615
-305.8697721042204,321.58556050323074,602
-289.2159649663035,353.4323830251948,887
-280.7118971813836,360.18172101222837,616
-274.8772927501241,292.3988081387679,853
-302.577549180641,318.56950916697264,930
-266.47076010355664,332.35502131869947,713
-332.2380415513477,333.9318512726212,587
-272.0322225640373,282.74714271085594,838
-270.93847135695364,301.6915740023122,971
-317.2262703163752,335.36707572968186,939
-346.3047041097467,363.9690549510169,828
-342.1702109568263,383.24201058884586,528
-308.0546706564564,404.8874911875851,528
-306.13051468438783,449.6816730216824,689
-360.94276350295956,325.2410286211351,536
-355.03690518008693,379.8667978315299,752
-323.60623214542113,399.2133499351354,656
-334.84902293233824,301.20036838611225,526
-323.71764871375865,382.75227974664347,527
-257.90219234142256,339.96682819461506,543
-282.4937806778404,333.78580875509255,811
-331.50290881729876,316.48909094007587,711
-354.39507044086616,267.54207959278597,718
-350.253952364351,372.37974675589606,771
-251.55694172338264,443.7334118820499,959
-305.0003613153024,360.0124130498133,710
-310.26835168224716,395.954623305555,947
-326.6232469393482,323.85758409007906,740
-286.192984253538,376.9547713583579,745
-338.7147715109548,355.852235201783,687
-315.57729726964243,367.909393733331,723
-309.37481086122745,347.37870300735995,572
-287.1045634521453,456.7372047789502,582
-338.9481957318035,332.9006501885351,722
-316.9218369819558,307.34267260921285,892
-242.30733976779405,402.1343092661203,526
-282.7828742115389,387.1847389006916,806
-274.0791851130785,375.0531841764397,691
-477.4938040705535,529.1282011468903,618
-484.25581642684995,561.6183113980751,615
-528.6331580112744,498.1293520223669,843
-524.7060524878968,460.94531504362664,961
-459.49048503112556,489.54458960859597,626
-463.64880377170545,442.3825273757801,990
-482.1607226686814,541.8114709853322,755
-511.5945008619915,478.32118889299295,970
-546.9301512920372,538.7049832717421,686
-565.5535035213813,595.8063244786846,521
-521.9663656315083,582.5396068566405,892
-548.2080544166109,500.6519993457601,622
-538.5558900993906,548.4237230651423,880
-443.6185639306759,553.3348905392925,894
-557.8235317925233,479.3629804302786,970
-478.1214094293677,542.6694310730768,735
-537.6756436937669,491.29250114014377,724
-570.1419891247681,499.97988120129145,682
-553.1152015347146,523.2488289488003,683
-567.265789954144,526.0370167250211,973
-547.8769077664234,498.7718094650724,1000
-525.1902161813905,545.3948462660665,539
-430.78948660301717,537.9123438020137,627
-536.6723452203137,576.8603527728193,828
-536.2516183673243,539.9998744348035,578
-492.9257765572233,496.93087621268995,948
-546.5520889914592,536.1544395268362,844
-536.1683311172421,498.2565776479658,784
-504.4887356816268,513.2283762739511,802
-507.7717750683435,490.80197284970797,761
-515.7495077929327,528.5030394631171,573
-500.15400674908426,529.117994679211,726
-518.4215797068496,531.3022521893959,764
-525.3704208825916,471.6574120794603,875
-454.3170447137427,526.227626810029,885
-527.3863364615333,514.0114682941455,935
-492.5374580629112,523.7510966328609,813
-488.8241366310533,529.1523098443647,952
-421.58902074864613,549.0090862172033,683
-496.03161556347914,492.27686902293055,538
-503.35863273692235,531.14436784135,990
-560.633435952945,492.6161320681467,606
-544.0428589219129,520.5631210246963,660
-513.7912653066924,548.7845598806227,631
-506.87211778842453,502.11732511356064,882
-503.7629680524253,526.222604405521,670
-556.4045237363115,555.3825922950308,551
-544.6371271569242,608.0415744125695,744
-560.7895811279648,496.5565238206776,637
-532.7155536444225,482.8539078910252,537
-572.3127610252465,595.9814602551991,975
-374.577582114845,-23.09054544538189,637
-352.3390313217209,-22.26462462447893,567
-324.2893693941169,-130.87682631449994,513
-322.3606083192228,-11.021290505406913,846
-401.86498389434615,-66.67864592181112,975
-345.9512788565797,-42.277508944419594,889
-376.43490682023656,-57.2341738016407,937
-373.8762581919072,-47.113381716110176,543
-319.59930788907417,-2.9727641648934124,714
-363.8668581231551,-68.36621627189086,716
-404.0074715854405,-64.1780952757031,690
-416.54794796117363,-38.707517969810084,543
-375.2689486633121,-54.098049054530875,506
-339.88646894526426,-37.4636737544906,708
-309.17456529891814,87.38993249466819,963
-343.504524038076,4.491488187798382,644
-326.37301233792857,33.16380819453079,814
-387.25733386514776,-5.139380003912265,701
-425.41826865652337,17.055507594514417,721
-366.3682945181908,-79.57887919708523,880
-372.09659305776654,-59.37218336951087,654
-379.04483058215203,-72.68829528405024,714
-416.3226178725872,-35.23141389339095,998
-300.17683675318517,-23.450058792143057,898
-340.8200307552178,-36.451972164651,790
-355.99518876788227,-62.17391972785801,514
-379.56284664298965,-27.860039297481798,769
-339.5035464769027,-45.48229765773603,765
-383.52307364782433,-14.8799841470363,503
-356.8286639794436,-18.47946961162633,779
-364.7021966263328,-105.28186077843235,569
-406.41834264806624,-70.07667941029888,931
-313.6527460848205,-18.362569049925117,629
-344.2157478748065,-8.765183751808848,931
-346.9529856590096,-53.851436004858854,941
-373.98771629771403,-27.450427517463677,941
-335.933168598518,68.70742285214826,748
-400.8987072855119,0.028975696953118302,505
-395.97196895194793,-18.65392971776004,911
-356.21639846176845,-22.551822497163393,926
-348.45931040201225,-25.74392136775956,784
-347.5939229276726,-103.70467959846437,768
-349.9363195942258,-74.11015641953941,660
-414.3214386625913,-80.70501814618453,909
-379.32618157069936,-55.869618471323676,506
-372.6138439366712,-82.96409313113399,603
-382.5169540163543,62.850666463754095,717
-353.67702695455995,-40.000000916033216,825
-427.63066308637934,-37.8755479072974,963
-345.9721204205584,14.153271382640966,742
-332.3509378524124,-23.751622773087433,578
-338.9647522073901,-66.58354457659092,991
-340.20479106861205,-2.018477986049845,896
-375.7171463419183,-94.78966319570479,846
-335.1938809144119,-38.50824231862976,734
-442.8870927772864,-10.632407858953194,513
-376.600854157998,5.917033538639529,523
-375.3510539488907,-100.75722804590089,716
-370.6726138325965,-37.82882155729709,861
-323.32872493694765,-31.6243506638087,627
-419.2188779906796,-67.1322206579789,969
-345.01166605872993,-103.27770175495986,697
-275.1846684467972,-9.080524645851597,680
-368.4150110517704,-0.7694302828485462,810
-407.6636909781222,-80.48380306859653,621
-393.6689501958554,-51.91250413940731,886
-317.5583101988235,15.079506743353143,958
-270.9099125542359,-148.2862045832108,684
-377.2995236936703,-43.02224295797068,887
-383.88073664854494,-21.12391446469036,776
-576.0716131525705,239.28749187290984,107
103.3534326744367,2.5395070706293836,119
-123.48049538990966,-202.34283493057148,212
-33.55178357069224,556.6536847851839,200
-190.92023844121115,461.283180972061,244
-318.4825780646337,319.6467346917561,283
-445.5157087836904,761.1374973816322,159
-209.34572214621042,372.7235572203113,257
-606.2879658214083,377.71635913277544,117
-272.7430298338962,684.009023335251,290
-555.9439887210787,831.3534082543176,217
22.029605291717957,401.5493309955258,203
127.94133008219939,-94.55995299637163,267
-100.17326339465623,699.121947293788,142
-146.57981696837476,604.7108301131832,240
179.5414756173035,919.4783450146164,214
-892.9276145201491,478.27275230810903,91
-218.17450447651902,812.7244276630449,86
252.65207790091455,241.37151602221766,225
-107.0670049052214,160.67329600105035,177
-153.1535005385757,642.6453708952695,78
-421.5844911093592,630.9470991186784,195
-460.84082578700054,396.4610887061066,242
-532.5940956519596,794.7218920596963,270
-506.65194414293575,700.603291106942,139
-23.969513332995547,79.70418644366157,92
-171.94078482518242,-123.56850136894457,94
-952.7903632700643,482.1864572155332,21
-204.74815593062726,49.48274447738345,92
-129.29889357625513,447.6281372599305,134
-429.1760864184855,593.8313145941748,182
-265.59152275496547,242.83034883603565,108
-123.66771062911639,768.5323859541106,96
108.80799772062664,417.54102407502694,215
-668.0639775520547,262.2773838762031,240
154.76459860859808,119.14909887123827,278
-314.3076723081319,138.90734723218645,234
-304.1991817912067,566.1738661539263,35
-116.9003522831925,481.3691942242697,195
187.92604991674716,239.5909636366046,287
-58.61520775214058,541.903328236675,265
47.41224749802569,47.373548809725094,216
591.972159677476,546.668200702888,40
-97.3189646211899,164.10490901270276,75
-614.4481420822667,498.7769728457369,223
151.8526548237295,56.84417877983685,60
136.32750968873677,362.0676621716006,251
-591.9473484769649,177.1034708879654,185
-375.0909629272321,381.8310168975466,295
40.73307461551761,10.98306214879716,295
14.681251526127454,752.3082433966395,132
-207.60223529609067,50.02950330739645,41
41.71835760630404,639.7688077154148,222
-385.91492300206113,561.843131610992,116
-429.93706098965,177.80545835576334,245
-386.1130076578206,389.5840037520155,63
-332.8036205516249,35.615444937785526,275
70.66492921217127,319.74505000228453,236
-117.10332338968047,359.1030186580906,227
166.12393949998398,479.0028313870946,80
-231.81978670268705,344.60587241553753,130
-56.70054210056995,270.3448533898314,84
-366.35038779440157,148.3161500921464,279
-93.20430145944489,627.5128299656619,122
-268.73080962861746,87.35513627625346,232
70.80975190036446,571.7649299366024,63
-60.61757171541302,-28.772693104392488,142
-155.83397194899754,-161.50103952310042,170
-140.44782349418176,232.2351232629238,116
-84.50153773902258,1042.339481989411,143
-499.20594432833457,550.511986813739,221
-418.89618153285903,-192.60505678398022,119
251.70839276041704,996.8184431375369,120
345.02674462706204,527.5646088436246,257
-726.3566693472991,635.2514290392224,295
-418.9638547166157,147.91906341367533,64
-217.51242769371825,546.4623838165464,87
-112.127186672618,-54.62795450225292,266
54.43073494092806,535.3671468431004,296
-563.74115644269,489.06132752770293,70
-18.95840877683088,264.6552167754471,70
-250.4735450290645,611.7652095198353,81
295.99236323033324,406.1178561414508,217
30.67872440618794,650.5264733672245,114
-188.653083876334,322.54939225033735,35
-86.45428226432483,393.16014438866114,66
-92.04543627585177,548.4999488606738,80
-97.57326044244216,683.2435914398634,107
-628.5773992143952,90.8862518704633,235
-202.0528074119565,527.2829407116719,222
-181.3198774645391,750.1142451953251,186
-759.9910173902687,341.8783061960122,279
-294.98039445997756,679.2935368591933,233
-300.84261690767033,802.2616276893334,238
-140.8813214193985,318.76552160363605,47
-304.0039422931352,958.126048551262,250
-198.33696562935043,371.8714821124542,279
-201.88506978843884,275.7522908791078,127
-23.750390595847193,269.36167441807333,240
-83.10164356962164,586.6390707037833,142
-69.75101205824481,774.3838019181414,131
-357.4543693091241,106.6075755893986,168
9.615221324137678,618.7856045729607,66
60.41466618080614,135.9920310909248,216
198.91001332563462,409.70157767709526,129
-209.25506847875414,266.1033342216207,143
-331.15593261479125,347.28129960897195,14
-583.0476106652877,598.3214690290877,142
72.85360161732342,796.7034725936494,130
-87.73583635349762,649.6828815095457,273
-424.9034275502773,96.96022733302652,66
65.32634370310149,49.91143881579279,37
-469.9056074136472,623.984009668628,141
-102.02997363643395,1071.6780142474372,294
291.75680171331635,98.05172371091857,240
-120.4903492566448,732.081993829579,124
-220.53449372842667,460.62931162379107,198
-181.25683029421592,215.13120468168094,82
-208.52535796053468,-22.695382652569663,49
-769.2793214060132,664.8575507421219,66
245.15366649224734,29.563910371178395,113
-203.6047946069628,-129.2943846865274,214
-412.0831715587768,394.5096147011093,241
-479.5023511472386,712.6218085593882,237
-400.74678695243733,48.21546911568055,227
-491.3307733680101,-4.388699444907502,58
-89.98927183760121,641.2385588374075,294
-430.53321822466285,-100.2938323492782,117
-618.6080162714609,560.811166611757,74
-232.55562600294928,424.90856488368775,75
161.65666604163266,535.6229391355397,193
-655.6571237851197,488.3917943871155,135
-364.89825536496676,641.20809727651,75
-139.08471755282795,-103.83295414067157,197
-419.5147812339824,589.3286129872637,198
-88.78057303830691,469.57848815351736,290
-138.37319733358999,442.4047054096957,62
-235.34880947933084,334.15915946812606,46
-21.41094224342646,-1.4101006673612915,125
-287.2103056834068,667.7277541988585,73
-51.584146082236884,677.5171634161215,50
-243.63393686381517,-139.90801606090167,154
-425.98149075088725,140.75770369237196,185
-446.8791132693776,349.51663815720445,178
214.67387953199807,55.9686184869895,232
-379.54001604444386,458.9734851183638,115
-81.90531933274133,544.3649642087948,26
-420.5422861096014,813.5878797691527,131
89.68956872035886,44.024238635983124,187
-234.5628122529653,520.6528895680185,81
244.48976092955058,412.731683752962,169
-634.9892845236441,574.0617886962375,221
-369.15225358038424,140.83256884509532,233
-324.09302924916506,91.58626792831564,150
180.420226859708,35.07691499599741,27
-30.75144346619595,189.48864538743584,293
-682.3130995654558,183.44763563859726,256
-417.1978568963072,405.4048775263336,41
-398.8613986253713,551.0749557371141,266
156.22287619526645,428.223302346564,191
-124.44903138481146,319.67741114086454,291
389.90362745213315,146.99241977034407,129
-124.24922518059675,192.27582708023104,52
-182.63116823228972,320.78090144358146,83
-193.8352426629822,-100.00904276131564,88
-582.2592563415492,38.730233680585286,279
-265.9751927620954,927.011511685066,80
-84.19100774278937,610.0087906109749,189
-172.88451807146376,404.9395907130311,127
-275.7485486715855,357.78472021386,257
94.78440007655962,-45.37173194366903,148
-374.28570818495393,663.1287019894738,48
-306.4770593547739,423.17935123673635,254
51.27284893337571,129.83577955601814,273
-49.57072860867345,544.0952603422834,180
-684.2145963874775,35.90502425553058,124
-518.0708538609107,722.745420030514,258
-49.61816150097087,-194.67642174836806,242
39.259891464167566,392.9064545736129,94
-69.8594677048188,685.594453160913,85
265.86863369616987,231.20569300993367,188
-113.37905763082597,671.7188759139576,65
-722.9969529730483,-65.70020642577606,135
-261.7846924581775,171.50568005666673,22
-536.4396063635243,33.107062958049994,274
-447.7471259842896,363.47478141662725,95
-286.7430895823343,465.93275179292357,203
26.96720395909435,111.22427256346134,145
34.33968681572054,647.8900175739109,179
-632.2811352964145,162.7412562827128,53
-398.7087455076828,695.0416508698537,275
-407.486346776314,433.44275708698103,54
-518.0645545972504,467.38090132586296,25
-708.2044660699931,-40.927799305591634,93
-205.8332985681924,390.6762669245983,109
-363.9834401612442,260.89036636550634,137
-487.61948838995505,560.0498884721113,247
-723.7840945910543,340.69186048722383,108
110.1666991008255,292.09408534005803,94
-71.02511242564705,299.7506345331134,262
16.81423265761856,590.1995432788963,42
-439.4177658911178,880.5010850870473,108
-173.62641239724877,763.9584380990025,224
-368.6284195836271,-44.33563217315151,284
304.06943818846287,539.8711611347776,169
-396.2974455153717,-96.27328045985371,129
-429.20605422800236,176.30898319671547,155
-448.11492925206835,487.6337381262002,141
141.00612842117044,263.2433983093635,62
-460.79858687891476,969.6623117753445,134
-105.06187121833595,559.4914961275927,174
196.94121256080388,710.93981398395,262
-720.1470364696381,1112.800701551123,165
1.067476491922747,388.6139323976652,75
222.99721288645554,378.4970686941373,98
-258.7112546147547,-0.1460817707725255,252
297.59755593142995,-73.92367433835142,149
-122.07134393015993,191.54187653686606,166
-75.20039619692187,463.03534939773994,13
-127.19011952703048,-117.55893394901045,26
-16.506618975245345,477.93865296667235,67
-681.1229392803144,-215.38307168402537,276
-1262.214270368808,853.5209809853886,159
-801.7004621043238,596.8308875377868,278
-885.1794975581228,1002.2099315501407,95
-980.8109546091027,665.5975528409733,283
-736.2791477360897,1230.6626552448788,204
-1120.018929441763,734.8801741342494,36
-724.9196483052201,931.1569300720016,112
-805.5446340942705,722.0928335565513,211
-861.4738655165197,925.9229141831229,272
-712.765653422965,536.3361589080121,158
-1232.763140844542,580.7641914540372,68
-1073.4548637573398,981.5881454024852,130
-1108.4563942038772,187.75938724975163,277
-1161.2461398459434,479.60132608901995,117
-650.4487092286502,777.0292413089768,118
-1251.6295500687293,857.8492048098661,129
-967.6747202434618,1104.1682486819436,166
-782.9947044714809,799.8150881723524,158
-1553.313551846909,853.2977891092936,70
-860.3119872223701,452.3530835435533,219
-903.9158467324088,727.189757752172,73
-1257.088860251743,1190.0214027326917,17
-1769.6485350677049,800.545670377671,278
-1039.2803885753128,827.5678439654536,269
-1027.3603139040345,974.6828516283533,175
-893.557080148589,485.2539927754081,269
-1061.8842839532904,794.8504623532947,38
-655.5150673580702,577.7113124068949,179
-914.5960941225544,886.6855074869059,234
-1030.56858253194,1253.424159160842,24
-707.9226169724569,599.7956778978829,190
-569.329282733659,874.4424106007192,171
-1039.9077682994762,865.7755974455737,17
-1061.777429565025,492.2418150156097,91
-721.6929590825877,515.0906816310867,224
-607.1132329528765,725.6235565399945,45
-809.202801910191,644.5014727720325,22
-1320.4575864930953,1115.1880525521503,118
-963.414983993205,384.09451947087393,106
-1279.9455465178914,864.149068823845,191
-1133.729999300035,500.17513470087516,37
-393.95649873115474,1026.1191694645936,291
-940.9978748974943,344.82356560316373,157
-1131.8950680111418,1117.3937058155625,204
-789.1440287656957,693.8885262733838,136
-1142.7596417917496,799.1641264380183,74
-1148.2378937937312,898.8970518514201,118
-998.5085182687441,895.9240535202675,31
-670.0303015082485,398.1233229628533,91
-767.9481016569453,753.2551512570566,157
-827.2021435038619,607.4148825171288,142
-314.44142664669437,773.4128751828267,193
-1377.0683104538991,675.3025410497054,226
-940.3391882100922,376.6399919723875,133
-1239.0350538050652,924.2774537247244,216
-1133.1926839389926,113.99612942373312,38
-956.7916341006492,524.6202868810747,160
-686.420906004592,983.4499159799445,286
-912.3604077418992,502.01734086921203,87
-1343.590939273314,882.7599582119237,131
-529.7250388756584,429.67071594273415,72
-423.86952071341454,745.8780786026325,208
-570.1210801086174,712.052295451532,30
-1028.7933652059844,1097.9224881658047,114
-748.6462912359208,800.257299839081,44
-553.7865601697763,466.8466222158788,65
-778.2609006159016,609.0969496677275,295
-637.0611543363377,494.3318649544037,140
-836.304465722014,623.1439894545534,65
-668.4189232415386,854.5769626161448,24
-936.540849715062,979.1107289517454,161
-781.0833332974296,690.4577608161893,238
-943.7501692020587,1370.743009414813,132
-1027.5566740715753,737.4480684906608,170
-1343.8747285195734,485.2497668228591,156
-1421.0000767646115,600.8771445848456,107
-469.3238715301285,1140.4164941224756,292
-958.8123294121301,960.0249240256815,128
-952.3946335436044,786.1236851783111,264
-651.2943060255545,187.05990296323762,195
-556.7581840524795,256.894447823308,158
-1229.4876520367375,656.2741480525424,289
-1142.829422003144,867.8694370609679,29
-877.2101053154059,388.8224521415722,97
-381.9219003901378,918.1667372413074,239
-1134.3089069467976,702.5433502163436,16
-852.5299374880916,958.681507897091,220
-1078.2336211271936,794.4440035998575,54
-1121.7726479006055,873.3830330006117,210
-991.1574623745213,896.2020222368271,103
-821.2312286258997,923.9096246048983,208
-420.48226336260717,1016.4528620631427,225
-967.4278918216373,792.4083619319489,104
-1452.8790783816569,492.3331207769963,140
-1249.5923231933227,1016.9047228723473,78
-989.4854052341385,927.673403335081,250
-950.7104737007572,667.148268407854,199
-1179.0488146970374,1196.7207910637899,193
-1554.9644140490657,928.3680118594423,88
-1150.4935601636303,492.5568380052257,171
-1109.819675763223,943.7531244351089,102
-540.9976766065331,839.7056348854325,183
-530.9705974646486,777.6026277205273,285
-1366.21175853692,300.0781261399274,30
-1568.8531087653346,1280.0601769956597,20
-401.97796095983847,766.1114315154949,245
-712.3197732089512,1105.2232761302027,231
-689.2365762186636,979.0702726794309,71
-1390.498085699283,807.0488997087101,61
-990.7031900873403,738.5533502494052,230
-1203.6324056374074,799.5820462367411,16
-1209.052022273912,856.1100483225259,288
-933.6187387653312,1108.3410633145797,30
-1254.4176528933979,576.5423565444411,141
-1165.8964732467432,1039.1559730862696,151
-1109.0696767187785,1347.499532594246,206
-645.4502882573297,831.7805912048053,182
-1088.599004230754,624.2193262326886,61
-764.5937628340116,957.2268850995408,222
-968.7461141899207,1057.7835449702022,240
-952.2768117836492,836.0176652808619,283
-837.2548512544403,579.3205849068271,172
-1100.5492358181796,205.43360811077707,58
-1446.4362957010212,485.9065526031946,175
-886.4820147109879,372.59096784021165,82
-799.964291542321,636.4135952070203,222
-570.3515882118456,-445.66083873514845,139
-1728.0054893381255,1107.8909546875175,94
-1282.4203293346059,886.4828652077638,281
-1070.6889531789636,687.1166916288553,243
-993.7210839736663,503.266453134303,38
-753.0939917495701,657.2819590409106,101
-1242.723421489832,765.8750067831576,283
-822.634505988329,955.5217036404247,32
-987.4313643535738,143.6430101572364,113
-762.7784836418348,809.1560057902445,192
-1422.487328892485,622.6482334858279,300
-1157.7128303327265,1062.0156131969786,237
-840.1130422790017,581.370820359355,214
-696.153668836976,955.7090957299938,298
-829.1115582278213,847.5862843465393,247
-1300.8553669591975,863.7196609915602,119
-757.9118829909178,784.0043446678307,99
-1135.0017176772749,1056.9206967341984,253
-765.215352016342,631.730785947244,68
-1064.08143918715,1191.757803964435,157
-927.9958168394206,680.0722009711703,15
-1279.0109127079331,652.6243052007085,74
-1212.1402580332542,899.6481465225002,247
-126.76449481257998,138.3709969088046,213
-1428.1591535448426,845.2469286406133,19
-936.5632567396822,659.9839186391795,276
-1405.3071012491878,104.97698966018004,253
-512.0529149156957,689.9642208365241,163
-757.3825347622039,539.3518450575681,126
-744.5254314638522,623.8271591108195,250
-609.3689598525075,976.2714775756832,22
-1144.8514911093955,651.820784041249,55
-519.5081371259422,700.5999410646667,201
-378.9993185138628,753.1413545560061,49
-756.8353393247966,577.5950151709717,272
-730.0511028767005,521.6552806993618,170
-805.2646442885105,880.002555081323,182
-980.6352013581957,688.3497374774338,203
-767.3812304681179,420.6217390710136,64
-1174.4526517590646,331.44994779565184,173
-850.3794724166506,874.5614181410715,143
-563.5899234329156,908.3837366567499,183
-777.5594649319473,921.638110050802,198
-839.1011736261528,581.025909383909,163
-817.5350618429092,807.406043238053,162
-817.6403313507182,619.27389396214,140
-1038.9233914284564,800.1944473936846,18
-899.0751917032886,967.6864735875813,141
-1364.764655817815,1032.9222307483544,287
-1236.3177242592396,980.3170970906568,155
-363.9213516706275,1377.6229757054175,179
-500.2471286711343,872.6513413999387,283
-709.5840667839525,725.9500218881155,49
-472.7298538585318,819.7054662738857,198
-991.7600051501418,365.195855483732,63
-774.9823226622902,696.1139856430069,60
-973.2575094439601,589.6799791358528,106
-1201.3676271502115,1151.3177595848265,173
-1172.6861675018213,986.715071142411,289
-761.0870889912012,565.9271276504066,221
-61.04226367566264,443.02098415450706,185
-1452.0077216501818,517.8124476826124,283
-1439.6305715391522,925.6490413711832,183
-1094.6856204817827,524.9904983145658,95
-344.1439759821043,1368.368039973409,142
-906.7877762114276,535.9272547242922,124
-1180.1422466456147,607.1230772501932,209
-1064.2258667355386,990.764706428751,155
-433.84304469068127,569.4355902092307,152
-928.6773096057308,839.3575440499834,230
-730.3972357818938,610.5679049836119,189
-755.5734011014897,655.0934185533051,217
-829.8418517746013,375.0655995236476,185
-897.2787295326898,273.31872638618097,167
-1325.2584244318366,738.8200542694352,112
-1115.780764623636,664.8316629230571,52
-833.464621192624,135.2301622549944,211
-734.2630322656851,1165.274100017492,191
-1067.6289194823626,1056.8471439986356,182
-988.0862585695922,872.4466352857125,207
-449.5349350023982,154.38001870112487,80
-692.362649174233,1056.3676744299416,244
-1404.108802275669,909.6639295712479,293
-756.4216204817488,861.9575397540843,241
-1321.2532998190989,830.0910869087752,194
-794.3346566600858,1232.2742175767437,175
-1193.9177050123549,322.13282846355696,177
-1586.5655223781628,588.5993730495697,135
-461.4387069115289,419.1888476579076,268
-867.1650156388454,1044.2901769413404,43
-1136.6185915610338,658.6169857298457,84
-536.6723897704992,1108.8696883396244,162
-1218.1150549459483,1015.3662563317969,200
-977.0820654290711,351.5730546097299,125
-604.4605698367786,925.4816465455675,260
-719.3773805654773,892.2653528446103,243
-626.2094620432244,873.8657984838061,267
-498.5196633795456,1014.4287122225437,86
-1116.8019824827243,1035.8161939596694,153
-460.25175532975,498.854533148932,239
-1587.0722022348923,1000.3275013507666,286
-1252.588435207366,711.8499815635104,288
-886.9943600054152,814.0603791443938,193
-910.3405118186812,306.8637953794622,81
-798.346790932502,685.4042501997613,240
-939.9929095884506,679.57651591126,72
-1132.332668848448,605.3295219610736,267
-1294.7551544070545,555.7931588355643,20
-1355.1582749160882,1125.088303426122,33
-723.9555576913137,256.34439007185694,256
-1121.934918937984,974.1810975288929,79
-882.8901578519129,354.62317852691115,268
-574.46044658817,706.9420670442175,149
-590.6529826457804,261.1321414739793,255
-918.6663177058155,19.055322003586866,93
-1025.401719827889,433.50467854934016,203
-1395.1976023496188,968.2012810183835,135
-832.4178024360554,472.70264389482634,148
-843.3430341272058,473.4890204186754,48
-1154.2578344351612,228.980200036528,122
-741.5945641482052,1004.3655776464677,279
-1009.5041512092009,981.0766380224047,133
-840.2219675237202,854.8948813290287,21
-366.1140659143564,725.9981145800745,90
-1153.551104556996,468.9504543093588,112
-620.059646673592,-353.91580202022567,220
-1115.80975652093,-314.90631675687246,252
-805.4298251975717,-632.1208584551453,243
-913.2927295580882,-592.5888954848015,279
-1017.2358435174363,-441.71428698020515,254
-1185.290704538851,-551.7116634400318,261
-356.79151253333373,-445.010089125144,21
-934.4382990927604,-80.6619777536082,242
-623.1232215420221,-176.80533441840424,280
-422.6332465495334,-1058.1487635002225,170
-1261.9312181241346,-153.8545320826151,257
-449.5497738109344,-480.5309853657701,269
-855.9007347263039,-837.1695541805498,260
-588.5323140736106,-331.12019822998013,86
-450.8574468742591,-361.2645958695465,131
-1375.8336429967972,-817.2006005465112,42
-70.03317070385253,139.91197682425354,261
-876.5772368274584,-861.0327591724147,149
-799.5595628331714,-380.9886524596808,13
-883.3678766640845,-716.8806651336971,63
-519.7031442845944,-576.695207311475,186
-1012.5862537971936,-102.41003048743039,54
-706.3453462452951,-701.980265601043,215
-545.5064989856802,-268.5100165563545,177
-527.0478281531515,-476.04136821864944,166
-905.4951598328352,-1011.8833680386452,207
-499.2796242973288,-663.1170863385562,61
-1352.389069905537,-558.7624600719537,48
-879.5169443027047,-462.4934389466091,211
-1072.6551408706093,-685.453097070302,177
-255.28882327710244,-471.58535049809524,118
-736.4942348218833,-218.69873143573616,141
-1113.5241902513937,-1125.537415177804,47
-566.5890036791648,-422.6802931137319,289
-1129.444606774676,-581.6031111953823,215
-195.9620641236645,-599.7675583138837,77
-1062.2786836451673,-607.7773156126542,280
-1059.13505815168,-540.3067351747522,189
-951.1961091994173,-502.5218799112508,195
-687.1777100978364,-241.38874117944385,94
-651.4101853192819,-552.6077988343161,88
-1197.0434410481653,-203.365926468903,251
-742.4422505368909,-405.63592071618166,242
-859.5315018964361,-515.8326289035381,209
-927.000765949911,-607.8301928283656,262
-1070.173562903837,-535.6717140218229,17
-681.7336967750008,42.95260828768255,289
-450.60310415275814,-523.8807491796823,199
-658.9982022556349,-310.11766425238426,137
-736.9425340153399,-127.32512029921276,292
-1081.2181324953085,-64.68048961015893,294
-100.46147521710839,-357.53922824483203,38
-766.2110305046083,-668.7502482225551,85
-879.647117356707,-649.7954678757069,85
-512.8224578104248,-888.5582158445599,121
-311.1717515826263,-689.9741302138319,163
-1057.4318756756234,-17.42625517871005,87
-947.0090215322925,-620.9441896087233,55
-1052.5897334556582,-965.0596622473695,238
-1295.6520233614904,-978.8234837632713,51
-747.0790619240786,-538.9628425803032,134
-326.96854380493454,-205.77425252668095,147
-608.1300378613847,-332.4253622564068,219
-654.9166313657723,-184.5110020834063,67
-562.2726688858824,-540.5859756638155,47
-675.8637913762019,-381.0517334856715,153
-1277.0218346510262,97.52252413391545,78
-634.0485120942316,-293.0303720159941,286
-738.5467002110406,-671.3407650130002,187
-1207.8770177758493,-431.9207183400993,233
-783.0663274456106,-251.62709988586752,173
-778.2181879782829,-754.3261906126853,113
-510.8568640854424,-991.1209210996037,97
-1471.4633188332052,244.10956538363598,271
-876.7155692819902,-855.2877721682362,192
-1253.3735431196685,-1048.3895108415395,50
-1330.7993286060591,-304.11286437356387,20
-1039.9320962065258,-708.7869766730364,253
-1205.2615372806276,-1059.3797902029296,237
-491.5500503028353,-517.8023556612021,284
-673.3795432358863,-633.7671572559327,247
-1144.1728241922924,-649.7107565217378,224
-1177.655435987214,-506.8319623374861,119
-442.1467766678099,-485.97668179247347,80
-366.2237504742795,-600.5051774091932,284
-942.1623870168237,129.03014762427028,178
-942.0692917668954,-888.5214615456817,250
-848.929914173445,-277.6900699122848,98
-1053.775565088767,-228.93077518446137,198
-466.2088804446643,-696.0875758267634,87
-736.4232723916928,-457.62298472105505,126
-877.814863784791,-48.70999885808715,259
-196.77352515522034,-684.8912647127131,48
-377.19373743683735,-969.3832764509856,70
-1200.1619801626262,-425.14437685494573,276
-1262.7833378671614,-225.94595396518275,67
-1092.56650385633,-701.9751295560468,271
-843.0816234203297,-363.12638416594643,236
-857.656402586036,-687.7702823859101,299
-1174.5791017458291,-237.5504152150916,121
-100.71289606380799,-435.0495259343568,211
-1279.987992963545,-211.28001083157253,274
-764.2872831386043,-264.4281619543972,133
-788.5352200427036,-352.5528554929907,155
-504.77943261813806,68.2693698532454,108
-741.2095614796773,-220.34288157996144,163
-940.9995097577627,-786.9167385393598,169
-322.6069415980047,-98.73170239420347,267
-115.82257037414308,-144.09077186944336,140
-727.4384268879061,-730.5747101182818,86
-1089.8410481146377,-150.03135081098122,164
-192.34149671283183,-589.5997904210645,34
-957.304131633009,-11.587102540363105,215
-452.9065247622569,-889.0032031872591,300
-540.4410837710764,-525.1780277955668,37
-870.787831931993,-648.2461926854037,65
-998.9668381831912,-369.3133378940561,210
-521.2186458008963,-502.77411880317334,202
-418.4292373301688,-62.070267204355616,146
-1012.513136754231,-120.63741596081121,147
-411.7394115329199,-767.8657468086362,195
-674.0369411538984,-554.7735384412515,62
-939.3651705050498,-841.6272338427295,93
-1195.45392683864,-671.7312735795996,231
-672.2738034318305,-471.56705952383203,201
-767.3987909099845,-120.2560938401736,127
-341.0136398257974,-547.436423398394,250
-1176.8340119244847,-419.1198301548449,23
-466.45185213235607,-373.3780578811069,126
-1270.6004890139975,-261.29029211826753,247
-1021.7009079950907,-799.2958722639789,72
-650.5165607584075,38.97040182517105,299
-641.664860771659,97.07646052724817,215
-703.4881432592421,-361.74913397429134,138
-1284.7995336603822,-381.96609221197446,113
-772.4531604514098,-231.77355177116024,47
-602.8962043033896,-833.7424917693785,272
-698.5998723490366,-74.82345296522237,92
-512.7937691733271,-318.2083650360637,226
-1155.7104506044836,-369.6398636767158,152
-1106.893501985284,-966.731440944156,78
-982.1980764376401,-535.7010891410822,174
-436.0307948649544,-637.9981152920709,159
-866.0278887868699,-96.87184728697156,162
-832.3686976609584,-296.35322004194495,76
-754.1203763352662,-847.1617458840083,71
-811.9031990449347,-598.1490775134379,299
-897.4050329119275,-727.8555326373732,281
-402.24896163853595,-606.2657484192974,186
-515.5164481226459,-513.4457573698419,15
-514.1751995047686,-342.99988504524515,108
-38.65901293790489,388.75076983413885,100
-658.8512637837756,-535.2680813277666,113
-578.9968293719562,-643.8817248048225,214
-935.1249596211442,-712.5650403375731,180
-792.3521407486355,-125.633986032726,157
-627.9036451499389,-422.5175131089253,30
-547.0332597918651,-629.507768672659,267
-859.1058412686745,-539.7295985416835,131
-668.5851914484199,-879.7186389785335,233
-513.8276382489153,-923.2737682563074,117
-340.0906525860248,-254.36374217216888,176
-626.0286662551962,-355.693618070816,198
-871.881121232569,-227.65814708614133,214
-1342.606754511332,-66.30167953890356,110
-878.5774804428743,202.87214415013705,38
-932.7273832674546,-534.4422332145949,62
-974.6302075476278,-954.8373626758199,222
-906.7710423554945,-113.89266272973941,72
-547.6032128301465,134.64725284822748,295
-736.2912840111665,-447.52649730993176,254
-909.8732457989893,-815.0920887880394,107
-1141.8320217534033,-932.8692162717289,258
-409.68275589167826,-306.50691482654867,42
-548.5443082362492,-646.8944807833291,99
-402.841970562557,-454.2493538851105,22
-998.6391081661048,-249.59695827327118,89
-691.8950536001572,-997.073836261953,74
-331.1208704702077,-757.1615579514144,34
-932.5797577012859,-1063.5650064490037,31
-540.9469819537096,-332.61334866399704,168
-545.4072882576309,-884.4065953191464,236
-850.3377137618728,-461.01712098821736,219
-967.2108985071314,-541.2977884466547,73
-704.7606720514286,-468.3237204929949,163
-1155.4366202740666,-413.4300365034852,123
-959.8916063895033,-227.15835223916338,54
-500.3303513191664,-387.23562373396635,135
-595.9951302205956,-615.482996909579,93
-409.32294622827857,-448.6242529785901,299
-640.8261508005636,-249.9627220322449,174
-1078.125045187419,-203.46479618560915,126
-994.9995666164335,-264.86608024670244,40
-499.92164191551694,-233.8978494046273,115
-872.5206101488933,-325.17118863761743,227
-515.3447143145888,-279.40823240107295,198
-1186.8241516680582,-48.812829149193306,217
-1023.7553235139313,-303.55439646103446,286
-703.8910717889892,-912.0459626560319,254
-819.1852030705937,-440.4464496071543,257
-1197.62787131325,-464.30096225882,121
-644.5036663032929,259.81650410447014,299
-1027.531175558051,-939.459658806215,238
-1333.4420023450662,-261.5323523282644,235
-844.8927764505086,-593.735257001225,238
-978.8703087046473,-438.6120541292695,141
-314.97365001428,-636.5943270578719,184
-787.8615369096469,-693.0778113205236,239
-402.48835505275736,-293.1873232301524,49
-1018.6270588459845,-98.62773360598788,26
-783.7763092628254,-499.7278870750409,57
-1029.7580715370473,-821.2075514277092,64
-422.0840362508081,-600.3655390058641,73
-1045.4440287762143,-599.7563145234269,91
-1407.2180349887672,-543.8851651303752,220
-1124.4823556846038,-638.9100115853471,229
-808.2660078405295,-560.2001472980529,124
-1248.8797482738942,-371.5110567497642,222
-1173.4351749441591,-296.7105690160688,97
-788.5260514189679,-329.8905217884674,298
-388.84999653291385,-310.20647408250807,255
-441.58908173392285,-543.0194832146628,35
-1033.1557138663406,-327.90391812724476,246
-818.7611472104837,-693.2878427679736,103
-165.4543918961773,-629.612880068944,193
-667.7940492522645,-159.40305902930328,58
-1004.787170188791,-35.65854012875417,41
-592.6773763772196,-509.43900091826515,218
-426.1643449564391,-945.0705293362092,141
-470.58923119689075,-178.87996170272595,74
-319.3918851290795,79.2592731003923,39
-782.7931972079863,-19.02122908813533,225
-873.6272230551428,-281.31423999963835,141
-1356.7575974684128,-284.10270452865484,109
-643.3076946593283,-608.2399722145453,98
-725.5388793424682,-163.04183008701875,191
-424.149882936737,-446.7533136202694,212
-851.8788955634568,-284.58852002542307,44
-497.5982248303049,-575.3851506421746,134
-1137.6159441255018,-793.6537082214527,61
-774.2938021253785,-349.2166447823104,218
-1239.6068350733556,-701.0801814891624,17
-739.6573077976767,-258.8105626972047,134
-1027.1555846874512,-592.1467774330798,13
-915.6288533350056,-33.81570145906869,130
-1114.1483376118506,-335.6162628230474,69
-816.1931322743249,-481.74437383902534,61
-1182.008752332369,-567.8110145853237,169
-909.6603416682495,-604.5754635246392,247
-1178.3026862507777,-793.7839527487279,267
-560.4237191879166,-482.49470604109564,248
-923.6565885719835,-331.21638027736793,58
-242.73200676602096,-242.93942433234744,183
-572.0811730609526,-316.74009702306444,20
-996.9561214957946,-155.8384757406318,157
-1317.0805807442503,-337.79476668349093,290
-971.909608323456,-549.9063244061034,57
-810.365902024383,-275.04542336909833,173
-816.6743567971114,-448.36721664544433,110
-762.677858336966,-397.5555365269785,244
-1246.4719731428245,-579.261510335716,173
-1196.892394901719,-833.7607865071568,86
-933.6151055272954,-406.1520772202673,147
-232.1125706780349,-847.7602499473862,101
-904.8172001349142,-71.76689028475118,31
-1355.7232296988548,-634.0366236238661,250
-963.7349086086762,-670.1933656556569,177
-1192.8209316953844,-404.6387199900818,166
-725.5335980247165,-367.7515322432072,20
-851.5416903800062,-214.23881329973884,84
-905.328816591579,-421.94198387867283,21
-651.4944227727294,-257.7713498516009,233
-1148.361421367716,-457.6925879247372,34
-626.6909264623342,-431.7583215497293,221
864.2234878097364,476.45632649362636,219
916.0859129911779,611.2343070781446,183
1236.4075255089035,586.4387383490704,139
1067.9125932046045,773.3878718031474,89
505.4491721454668,208.22491453992996,12
1122.1983869173016,1008.1723785656943,167
1215.0210918564544,365.8455433315596,240
1392.9981212147118,330.5067080556422,159
1189.8545693572569,731.9695233992094,108
1164.4840868781175,502.8205478421934,174
962.8580305892987,506.17110740664333,77
456.27120949473795,758.1024451027183,277
900.9405607812098,811.055869576252,166
1241.5737371688924,415.9163474888578,91
517.3458365272268,1443.9856246808235,90
876.1407358202274,342.3357748312234,44
955.1802329890862,446.49171954618294,211
578.4303702489417,641.9444034996827,166
1156.944570280485,467.62084682480156,35
880.774297514359,654.8475007199512,36
834.0244787664794,477.0164664289013,255
737.2606396127292,698.2458729902391,71
827.7933290298333,575.9833919116023,220
916.3172957241746,533.3230643381994,116
995.9001326008207,675.3583087017104,211
283.5053517662842,493.1910024777489,228
1438.2593344127467,1004.9155518598266,141
988.260087842184,1115.4590783362382,202
696.6718719806902,507.76520998351396,75
914.9701173125566,564.9605136395129,252
1019.2057964583139,659.2433091960224,228
1127.198254627843,57.71226416420643,158
744.8548820114038,1009.1320332138653,97
1057.6910247530502,492.19613823839836,26
1117.586813790722,688.9505656097125,170
1079.1828416595263,593.4432478208811,279
1194.193855708716,590.9094043672538,210
721.790911093116,418.01523072075224,203
644.2587699093938,867.7328296985633,182
1187.9861301076505,521.4241683656866,99
868.365488820092,628.8111990282995,46
866.0242504045809,728.861765849491,112
678.7194636246165,711.8333105537923,284
900.5583276982418,740.5506730645162,241
605.5219433181262,912.1656750114505,290
769.2232204099241,884.5437551889272,65
803.2015935035805,958.9116209404626,273
-116.43861144489388,-722.0847656670189,261
46.67106618590279,-883.2646328059359,114
-73.76166576102187,-433.69528284026114,165
-353.1923832607837,-944.1302441822504,150
256.22736563601984,-790.0171046318194,245
-396.67422268108203,-1087.2721463368603,89
-321.3002084508126,-619.1741955741479,153
-827.4818096924092,-732.3745491013323,276
75.81734727543437,-978.2293975000824,255
-84.82775014243407,-1189.1554907585873,123
-374.9027174625757,-1063.009671621079,142
-528.335882901724,-822.2417699736873,258
108.7565136110731,-567.7465480377708,48
22.413942237887767,-1113.7301272643333,23
-286.7415437750227,-845.5472373929545,221
-9.341312266664346,-660.4515429887746,213
-318.48235406565516,-839.2692786573612,299
-482.5587974864459,-564.2609759318211,84
-222.34166006570544,-547.2540867094708,194
-346.8973703898813,176.2035113141443,145
-237.5689463860148,-330.33709064204726,261
-343.8007005534721,-880.372598184192,189
-107.07153062410822,-1133.6122954884825,262
-207.48290579294448,-681.0880558383001,124
353.95332128755945,-699.0263873165695,104
-520.8249659456317,-1385.8338199691389,52
-877.4616838648076,-816.6498541870066,205
-99.73825604936759,-391.05409787497194,267
-31.554375437209217,-641.5161681604368,271
-357.2926473193203,-1030.1483484638575,116
-30.490909962123027,-985.7128460131412,145
-279.2856278830523,-762.0199420520559,28
-341.7154843626847,-849.7374926707998,247
-127.94791938481846,-428.9590991999347,107
-162.82600904099957,-978.5975873954181,243
-431.32101703870046,-679.8249000927113,174
-743.7838450773307,-905.2496340041076,251
-564.9006336060903,-524.994463027228,235
-237.88221240426589,-819.9591198170262,204
